COUNTRY,COUNTRY_CODE
United States,USA
United States,USA
United States,USA
United States,USA
United Kingdom,UK
United States,USA
United States,USA
United States,USA
United States,USA
United States,USA
United States,USA
United States,USA
United States,USA
United States,USA
United Kingdom,UK
United States,USA
United States,USA
United Kingdom,UK
United States,USA
United States,USA
United States,USA
United States,USA
United States,USA
United Arab Emirates,UAE
United States,USA
United States,USA
United States,USA
United States,USA
United States,USA
United States,USA
United States,USA
United States,USA
United States,USA
United States,USA
United Kingdom,UK
United States,USA
United States,USA
United States,USA
United States,USA
United States,USA
United States,USA
United States,USA
United States,USA
United States,USA
United States,USA
United States,USA
United States,USA
United States,USA
United States,USA
United States,USA
United States,USA
United States,USA
United States,USA
United Kingdom,UK
United States,USA
United States,USA
United States,USA
United States,USA
United States,USA
United States,USA
United States,USA
United States,USA
United States,USA
United States,USA
United States,USA
United States,USA
United States,USA
United States,USA
United Kingdom,UK
United States,USA
United States,USA
United States,USA
United States,USA
United States,USA
United States,USA
United Kingdom,UK
United States,USA
United States,USA
United States,USA
United States,USA
United States,USA
United States,USA
United States,USA
United States,USA
United States,USA
United States,USA
United States,USA
United States,USA
United States,USA
United Kingdom,UK
United States,USA
United States,USA
United States,USA
United States,USA
United Kingdom,UK
United States,USA
United States,USA
United States,USA
United States,USA
United States,USA
United States,USA
United Kingdom,UK
United States,USA
United States,USA
United States,USA
United States,USA
United States,USA
United States,USA
United States,USA
United Kingdom,UK
United States,USA
United Kingdom,UK
United States,USA
United States,USA
United States,USA
United States,USA
United States,USA
United States,USA
United States,USA
United States,USA
United States,USA
United States,USA
United States,USA
United States,USA
United States,USA
United States,USA
United States,USA
United States,USA
United States,USA
United States,USA
United States,USA
United States,USA
United States,USA
United States,USA
United States,USA
United States,USA
India,IND
United States,USA
United States,USA
United States,USA
United States,USA
United States,USA
United States,USA
United States,USA
United States,USA
United States,USA
United States,USA
United States,USA
United States,USA
United States,USA
United States,USA
United States,USA
United States,USA
United States,USA
United States,USA
United States,USA
United States,USA
United States,USA
United States,USA
United States,USA
United States,USA
United States,USA
United States,USA
United States,USA
United States,USA
United States,USA
United States,USA
United States,USA
United States,USA
United States,USA
United States,USA
United States,USA
United States,USA
United Kingdom,UK
United States,USA
United States,USA
United States,USA
United States,USA
United States,USA
United States,USA
United Kingdom,UK
United States,USA
United States,USA
United States,USA
United States,USA
United States,USA
United States,USA
United Kingdom,UK
United States,USA
United States,USA
United Kingdom,UK
United States,USA
United States,USA
United States,USA
United States,USA
United States,USA
United States,USA
United States,USA
United Kingdom,UK
United States,USA
United States,USA
United Kingdom,UK
United Kingdom,UK
United Arab Emirates,UAE
United States,USA
United States,USA
United States,USA
United States,USA
United States,USA
United States,USA
United States,USA
United States,USA
United States,USA
United States,USA
United States,USA
United States,USA
United States,USA
United States,USA
United States,USA
United States,USA
United States,USA
United States,USA
United Kingdom,UK
United Kingdom,UK
United States,USA
United States,USA
United States,USA
United States,USA
United States,USA
United States,USA
United States,USA
United States,USA
United States,USA
United States,USA
United Arab Emirates,UAE
United States,USA
United States,USA
United States,USA
United States,USA
United States,USA
United States,USA
United States,USA
United States,USA
United States,USA
United States,USA
United States,USA
United States,USA
United States,USA
United States,USA
United Kingdom,UK
United States,USA
United States,USA
United States,USA
United States,USA
United Arab Emirates,UAE
United States,USA
United States,USA
United States,USA
United States,USA
United States,USA
United States,USA
United Kingdom,UK
United States,USA
United States,USA
United States,USA
United States,USA
United States,USA
United States,USA
United States,USA
United States,USA
United States,USA
United States,USA
United States,USA
United States,USA
United Kingdom,UK
United States,USA
United States,USA
United States,USA
United States,USA
United States,USA
United States,USA
United States,USA
United States,USA
United Kingdom,UK
United States,USA
United States,USA
United States,USA
United States,USA
United States,USA
United States,USA
United States,USA
United States,USA
United States,USA
United States,USA
United States,USA
United States,USA
United States,USA
United States,USA
United States,USA
United States,USA
United States,USA
United States,USA
United States,USA
United States,USA
United States,USA
United Kingdom,UK
United States,USA
United States,USA
United States,USA
United States,USA
United States,USA
United States,USA
United States,USA
United States,USA
United States,USA
United Kingdom,UK
United States,USA
United States,USA
United States,USA
United States,USA
United States,USA
United States,USA
United States,USA
United Kingdom,UK
United States,USA
United States,USA
United States,USA
United Kingdom,UK
United States,USA
United States,USA
United States,USA
United States,USA
United States,USA
United States,USA
United States,USA
United States,USA
United States,USA
United States,USA
United States,USA
United States,USA
United States,USA
United States,USA
United States,USA
United States,USA
United States,USA
United States,USA
United Kingdom,UK
United States,USA
United States,USA
United States,USA
United Kingdom,UK
United States,USA
United States,USA
United States,USA
United States,USA
United States,USA
United Kingdom,UK
United States,USA
United Kingdom,UK
United States,USA
United States,USA
United Kingdom,UK
United States,USA
United States,USA
United Kingdom,UK
United States,USA
United States,USA
United States,USA
United States,USA
United States,USA
United States,USA
United States,USA
United States,USA
United States,USA
United States,USA
United States,USA
United States,USA
United States,USA
United States,USA
United States,USA
United States,USA
United States,USA
United States,USA
United States,USA
United States,USA
United States,USA
United States,USA
United States,USA
United States,USA
United Kingdom,UK
United States,USA
United States,USA
United States,USA
United States,USA
United States,USA
United States,USA
United States,USA
United States,USA
United States,USA
United States,USA
United States,USA
United States,USA
United States,USA
United Arab Emirates,UAE
United States,USA
United States,USA
United States,USA
United States,USA
United States,USA
United States,USA
United States,USA
United States,USA
United States,USA
United States,USA
United States,USA
United States,USA
United States,USA
United States,USA
United States,USA
United States,USA
United States,USA
United States,USA
United States,USA
United States,USA
United States,USA
United States,USA
United States,USA
United States,USA
United States,USA
United States,USA
United States,USA
United States,USA
United States,USA
United States,USA
United States,USA
United States,USA
United States,USA
United States,USA
United States,USA
United States,USA
United States,USA
United States,USA
United States,USA
United Kingdom,UK
United Kingdom,UK
United States,USA
United States,USA
United Kingdom,UK
United States,USA
United States,USA
United States,USA
United States,USA
United States,USA
United States,USA
United States,USA
United States,USA
United States,USA
United States,USA
United States,USA
United States,USA
United States,USA
United States,USA
United Kingdom,UK
United States,USA
United States,USA
United Kingdom,UK
United States,USA
United States,USA
United States,USA
United States,USA
United States,USA
United States,USA
United States,USA
United States,USA
United States,USA
United States,USA
United States,USA
United States,USA
United States,USA
United States,USA
United Kingdom,UK
United States,USA
United States,USA
United Kingdom,UK
United States,USA
United States,USA
United Kingdom,UK
United Arab Emirates,UAE
United States,USA
United States,USA
United States,USA
United States,USA
United States,USA
United States,USA
United States,USA
India,IND
United States,USA
United States,USA
United States,USA
United States,USA
United States,USA
United States,USA
India,IND
United States,USA
United States,USA
United States,USA
United States,USA
United States,USA
United States,USA
United Arab Emirates,UAE
United States,USA
United States,USA
United States,USA
United States,USA
United States,USA
United States,USA
United States,USA
United States,USA
United States,USA
United States,USA
United States,USA
United States,USA
United States,USA
United States,USA
United States,USA
United States,USA
United States,USA
United States,USA
United States,USA
United States,USA
United States,USA
United States,USA
United States,USA
United States,USA
United States,USA
United States,USA
United States,USA
United States,USA
United States,USA
United States,USA
United States,USA
United States,USA
United Kingdom,UK
United Kingdom,UK
United States,USA
United States,USA
United States,USA
United States,USA
United States,USA
United States,USA
United States,USA
United States,USA
United States,USA
United States,USA
United States,USA
United States,USA
United States,USA
United States,USA
United Kingdom,UK
United States,USA
United States,USA
United States,USA
United States,USA
United Kingdom,UK
United States,USA
United Kingdom,UK
United States,USA
United Kingdom,UK
United States,USA
United Kingdom,UK
United States,USA
United States,USA
United States,USA
United States,USA
United States,USA
United Kingdom,UK
United States,USA
United States,USA
United States,USA
United Kingdom,UK
United States,USA
United States,USA
United States,USA
United Kingdom,UK
United Kingdom,UK
United States,USA
United States,USA
United States,USA
United States,USA
United States,USA
United States,USA
United States,USA
United States,USA
United States,USA
United States,USA
United States,USA
United States,USA
United States,USA
United States,USA
United States,USA
United States,USA
United States,USA
United States,USA
United States,USA
United States,USA
United States,USA
United States,USA
United States,USA
United States,USA
United States,USA
United States,USA
United States,USA
United States,USA
United States,USA
United States,USA
United States,USA
United States,USA
United States,USA
United States,USA
United States,USA
United States,USA
United Kingdom,UK
United States,USA
United States,USA
United States,USA
United States,USA
United States,USA
United States,USA
United States,USA
United States,USA
United States,USA
United States,USA
United States,USA
United States,USA
United States,USA
United States,USA
United States,USA
United States,USA
United States,USA
United States,USA
United States,USA
United States,USA
United States,USA
United States,USA
United States,USA
United States,USA
United States,USA
United States,USA
United Kingdom,UK
United States,USA
United States,USA
United States,USA
United States,USA
United States,USA
United States,USA
United States,USA
United States,USA
United States,USA
United States,USA
United States,USA
United States,USA
United States,USA
United States,USA
United States,USA
United States,USA
United States,USA
United States,USA
United States,USA
United States,USA
United States,USA
United States,USA
United Kingdom,UK
United States,USA
United States,USA
United States,USA
United States,USA
United States,USA
United States,USA
United Kingdom,UK
United States,USA
United States,USA
United States,USA
United States,USA
United States,USA
United Arab Emirates,UAE
United States,USA
United States,USA
United States,USA
United States,USA
United States,USA
United States,USA
United States,USA
United States,USA
United States,USA
United States,USA
United States,USA
United States,USA
United States,USA
United States,USA
United States,USA
United States,USA
United States,USA
United States,USA
United States,USA
United States,USA
United States,USA
United States,USA
United States,USA
United States,USA
United States,USA
United States,USA
United States,USA
United States,USA
United States,USA
United States,USA
United States,USA
United States,USA
United States,USA
United States,USA
United States,USA
United States,USA
United States,USA
United States,USA
United States,USA
United States,USA
United States,USA
United States,USA
United States,USA
United States,USA
United States,USA
United Kingdom,UK
United States,USA
United States,USA
United States,USA
United States,USA
United States,USA
United States,USA
United States,USA
United Kingdom,UK
United States,USA
United Kingdom,UK
United States,USA
United States,USA
United States,USA
United States,USA
United States,USA
United States,USA
United States,USA
United States,USA
United States,USA
United States,USA
United States,USA
United States,USA
United States,USA
United States,USA
United States,USA
United States,USA
United Kingdom,UK
United States,USA
United Kingdom,UK
United States,USA
United States,USA
United States,USA
United States,USA
United States,USA
United Arab Emirates,UAE
United States,USA
United States,USA
United States,USA
United States,USA
United States,USA
United States,USA
United Kingdom,UK
United States,USA
United States,USA
United States,USA
United States,USA
United States,USA
United States,USA
United States,USA
United States,USA
United States,USA
United States,USA
United States,USA
United States,USA
United States,USA
United States,USA
United States,USA
United States,USA
United States,USA
United States,USA
United States,USA
United States,USA
United States,USA
United States,USA
United States,USA
United States,USA
United States,USA
United States,USA
United States,USA
United States,USA
United States,USA
United States,USA
United States,USA
United States,USA
United States,USA
United States,USA
United States,USA
United Kingdom,UK
United States,USA
United States,USA
United States,USA
United States,USA
United Kingdom,UK
United States,USA
United States,USA
United States,USA
United States,USA
United States,USA
United Arab Emirates,UAE
United States,USA
United States,USA
United States,USA
United States,USA
United States,USA
United States,USA
United States,USA
United States,USA
United States,USA
United States,USA
United States,USA
United Kingdom,UK
United States,USA
United States,USA
United States,USA
United States,USA
United States,USA
United States,USA
United States,USA
United States,USA
United States,USA
United States,USA
United States,USA
United States,USA
United States,USA
United States,USA
United Kingdom,UK
United States,USA
United States,USA
United States,USA
United States,USA
United States,USA
United States,USA
United States,USA
United States,USA
United Kingdom,UK
United States,USA
United States,USA
United States,USA
United States,USA
United States,USA
United States,USA
United States,USA
United States,USA
United States,USA
United States,USA
United States,USA
United States,USA
United States,USA
United States,USA
United Kingdom,UK
United States,USA
United States,USA
United States,USA
United States,USA
United States,USA
United States,USA
United States,USA
United States,USA
United States,USA
United States,USA
United Kingdom,UK
United States,USA
United Kingdom,UK
United States,USA
United States,USA
United States,USA
United States,USA
United States,USA
United States,USA
United States,USA
United Kingdom,UK
United States,USA
United States,USA
United States,USA
United States,USA
United States,USA
United States,USA
United States,USA
United States,USA
United States,USA
United States,USA
United States,USA
United States,USA
United States,USA
United States,USA
United States,USA
United States,USA
United States,USA
United States,USA
United States,USA
United States,USA
United Kingdom,UK
United States,USA
United States,USA
United States,USA
United States,USA
United States,USA
United States,USA
United States,USA
United States,USA
United Arab Emirates,UAE
United Arab Emirates,UAE
United States,USA
United States,USA
United States,USA
United States,USA
United States,USA
United States,USA
United Arab Emirates,UAE
United States,USA
United States,USA
United States,USA
United States,USA
United States,USA
United States,USA
United States,USA
United States,USA
United States,USA
United States,USA
United States,USA
United States,USA
United States,USA
United States,USA
United States,USA
United States,USA
United States,USA
United States,USA
United States,USA
United States,USA
United States,USA
United States,USA
United States,USA
United States,USA
United States,USA
United Kingdom,UK
United States,USA
United States,USA
United States,USA
United States,USA
United Kingdom,UK
United States,USA
United States,USA
United States,USA
United States,USA
United States,USA
United Kingdom,UK
United States,USA
United States,USA
United States,USA
United States,USA
United States,USA
United States,USA
United Kingdom,UK
United Kingdom,UK
United Kingdom,UK
United States,USA
United States,USA
United States,USA
United Kingdom,UK
United States,USA
United States,USA
United States,USA
United States,USA
United States,USA
United States,USA
United States,USA
United Kingdom,UK
United States,USA
United States,USA
United States,USA
United States,USA
United States,USA
United States,USA
United States,USA
United States,USA
United States,USA
United States,USA
United States,USA
United States,USA
